{"vol_mean": 5.886863894422608e-05, "vol_std": 3.232366115287398e-05, "z_threshold": 1.0, "threshold": 9.119230009710006e-05, "feature_col": "w60_return_std"}