{"vol_mean": 2.600591722940331e-05, "vol_std": 1.2134541273733951e-05, "z_threshold": 1.0, "threshold": 3.814045850313726e-05, "feature_col": "w60_return_std"}