{"vol_mean": 4.146152943627642e-05, "vol_std": 2.8800790933909843e-05, "z_threshold": 1.0, "threshold": 7.026232037018626e-05, "feature_col": "w60_return_std"}