{"vol_mean": 1.686921156007414e-05, "vol_std": 6.453200072720294e-06, "z_threshold": 1.0, "threshold": 2.3322411632794434e-05, "feature_col": "w60_return_std"}