{"vol_mean": 3.515337197114445e-05, "vol_std": 1.854698854165637e-05, "z_threshold": 1.0, "threshold": 5.370036051280082e-05, "feature_col": "w60_return_std"}