{"vol_mean": 4.067539643915298e-05, "vol_std": 2.4835818673401076e-05, "z_threshold": 1.0, "threshold": 6.551121511255406e-05, "feature_col": "w60_return_std"}