{"vol_mean": 4.113710239344097e-05, "vol_std": 2.525447290750418e-05, "z_threshold": 1.0, "threshold": 6.639157530094516e-05, "feature_col": "w60_return_std"}