{"vol_mean": 4.994762982707946e-05, "vol_std": 3.0523345409399005e-05, "z_threshold": 1.0, "threshold": 8.047097523647847e-05, "feature_col": "w60_return_std"}