{"vol_mean": 0.00031176743587687443, "vol_std": 0.00021723716398027614, "z_threshold": 1.0, "threshold": 0.0005290045998571505, "feature_col": "w60_return_std"}