{"vol_mean": 5.159982334613159e-05, "vol_std": 3.186079029537715e-05, "z_threshold": 1.0, "threshold": 8.346061364150874e-05, "feature_col": "w60_return_std"}