{"vol_mean": 3.372792617469109e-05, "vol_std": 1.6070977925467205e-05, "z_threshold": 1.0, "threshold": 4.979890410015829e-05, "feature_col": "w60_return_std"}