{"vol_mean": 5.887028176975666e-05, "vol_std": 3.232311934246596e-05, "z_threshold": 1.0, "threshold": 9.119340111222261e-05, "feature_col": "w60_return_std"}