{"vol_mean": 2.5296998643018143e-05, "vol_std": 1.1756046410067821e-05, "z_threshold": 1.0, "threshold": 3.705304505308596e-05, "feature_col": "w60_return_std"}