{"vol_mean": 4.506103477005056e-05, "vol_std": 2.6036533044014143e-05, "z_threshold": 1.0, "threshold": 7.10975678140647e-05, "feature_col": "w60_return_std"}