{"vol_mean": 3.342588608202131e-05, "vol_std": 1.617293085954419e-05, "z_threshold": 1.0, "threshold": 4.95988169415655e-05, "feature_col": "w60_return_std"}