{"vol_mean": 2.5157314550317176e-05, "vol_std": 9.669152527224575e-06, "z_threshold": 1.0, "threshold": 3.482646707754175e-05, "feature_col": "w60_return_std"}