{"vol_mean": 5.268874262298272e-05, "vol_std": 2.4252628408462583e-05, "z_threshold": 1.0, "threshold": 7.694137103144531e-05, "feature_col": "w60_return_std"}