{"vol_mean": 4.8188362564562425e-05, "vol_std": 1.7825641940951272e-05, "z_threshold": 1.0, "threshold": 6.60140045055137e-05, "feature_col": "w60_return_std"}