{"vol_mean": 3.4689130054709094e-05, "vol_std": 2.1001752116485107e-05, "z_threshold": 1.0, "threshold": 5.56908821711942e-05, "feature_col": "w60_return_std"}