{"vol_mean": 2.5036692840236265e-05, "vol_std": 9.765801119750894e-06, "z_threshold": 1.0, "threshold": 3.480249395998716e-05, "feature_col": "w60_return_std"}