{"vol_mean": 6.114351453743724e-05, "vol_std": 8.86716313889e-05, "z_threshold": 1.0, "threshold": 0.00014981514592633723, "feature_col": "w60_return_std"}