{"vol_mean": 3.607459263995142e-05, "vol_std": 2.519201487217908e-05, "z_threshold": 1.0, "threshold": 6.12666075121305e-05, "feature_col": "w60_return_std"}