{"vol_mean": 3.969074728121382e-05, "vol_std": 2.3890808708152087e-05, "z_threshold": 1.0, "threshold": 6.35815559893659e-05, "feature_col": "w60_return_std"}