{"vol_mean": 5.967020335399925e-05, "vol_std": 3.1871757142362025e-05, "z_threshold": 1.0, "threshold": 9.154196049636128e-05, "feature_col": "w60_return_std"}