{"vol_mean": 4.051123019951328e-05, "vol_std": 2.487229409792253e-05, "z_threshold": 1.0, "threshold": 6.538352429743581e-05, "feature_col": "w60_return_std"}