{"vol_mean": 4.145277819688442e-05, "vol_std": 2.879897022105444e-05, "z_threshold": 1.0, "threshold": 7.025174841793886e-05, "feature_col": "w60_return_std"}