{"vol_mean": 4.0329915510378824e-05, "vol_std": 2.3894335811254203e-05, "z_threshold": 1.0, "threshold": 6.422425132163303e-05, "feature_col": "w60_return_std"}