{"vol_mean": 3.166902329587543e-05, "vol_std": 1.3627808001114879e-05, "z_threshold": 1.0, "threshold": 4.529683129699031e-05, "feature_col": "w60_return_std"}