{"vol_mean": 3.982562706013537e-05, "vol_std": 1.963534870548361e-05, "z_threshold": 1.0, "threshold": 5.946097576561898e-05, "feature_col": "w60_return_std"}