{"vol_mean": 5.2603984014852366e-05, "vol_std": 3.357099561172808e-05, "z_threshold": 1.0, "threshold": 8.617497962658045e-05, "feature_col": "w60_return_std"}