{"vol_mean": 4.8685472040969605e-05, "vol_std": 3.442442662757403e-05, "z_threshold": 1.0, "threshold": 8.310989866854363e-05, "feature_col": "w60_return_std"}