{"vol_mean": 4.0065664373824107e-05, "vol_std": 2.4249569664159782e-05, "z_threshold": 1.0, "threshold": 6.431523403798388e-05, "feature_col": "w60_return_std"}