{"vol_mean": 5.9688774331383974e-05, "vol_std": 3.188926530657958e-05, "z_threshold": 1.0, "threshold": 9.157803963796355e-05, "feature_col": "w60_return_std"}