{"vol_mean": 4.0671254575328555e-05, "vol_std": 2.4842758514880382e-05, "z_threshold": 1.0, "threshold": 6.551401309020894e-05, "feature_col": "w60_return_std"}