{"vol_mean": 7.522601297772546e-05, "vol_std": 3.079475706109515e-05, "z_threshold": 1.0, "threshold": 0.00010602077003882062, "feature_col": "w60_return_std"}