{"vol_mean": 3.1350873710532305e-05, "vol_std": 1.3828661726152056e-05, "z_threshold": 1.0, "threshold": 4.517953543668436e-05, "feature_col": "w60_return_std"}