{"vol_mean": 2.4052368058016315e-05, "vol_std": 1.0939449632118921e-05, "z_threshold": 1.0, "threshold": 3.499181769013524e-05, "feature_col": "w60_return_std"}