{"vol_mean": 2.5969979567308305e-05, "vol_std": 1.2519661391131837e-05, "z_threshold": 1.0, "threshold": 3.848964095844014e-05, "feature_col": "w60_return_std"}